Rank,Nome,Avaliacao
1,Brass: Birmingham,8.61
2,Pandemic Legacy: Season 1,8.53
3,Gloomhaven,8.61
4,Ark Nova,8.53
5,Twilight Imperium: Fourth Edition,8.61
6,Terraforming Mars,8.37
7,Dune: Imperium,8.42
8,Gloomhaven: Jaws of the Lion,8.47
9,War of the Ring: Second Edition,8.53
10,Star Wars: Rebellion,8.42
11,Spirit Island,8.35
12,Gaia Project,8.39
13,Twilight Struggle,8.25
14,Through the Ages: A New Story of Civilization,8.30
15,Great Western Trail,8.21
16,The Castles of Burgundy,8.13
17,Scythe,8.16
18,7 Wonders Duel,8.10
19,Eclipse: Second Dawn for the Galaxy,8.48
20,Brass: Lancashire,8.19
21,Nemesis,8.28
22,Clank! Legacy: Acquisitions Incorporated,8.56
23,Concordia,8.10
24,A Feast for Odin,8.18
25,Wingspan,8.06
26,Terra Mystica,8.07
27,Arkham Horror: The Card Game,8.13
28,Lost Ruins of Arnak,8.08
29,Great Western Trail: Second Edition,8.37
30,Root,8.08
31,Orléans,8.06
32,Everdell,8.04
33,Mage Knight Board Game,8.09
34,Barrage,8.18
35,Viticulture Essential Edition,8.00
36,The Crew: Mission Deep Sea,8.18
37,Too Many Bones,8.35
38,Food Chain Magnate,8.07
39,Frosthaven,8.87
40,Pax Pamir: Second Edition,8.22
41,Marvel Champions: The Card Game,8.13
42,Underwater Cities,8.07
43,Puerto Rico,7.92
44,Caverna: The Cave Farmers,7.95
45,Cascadia,7.97
46,Blood Rage,7.94
47,Anachrony,8.08
48,On Mars,8.21
49,Agricola,7.88
50,Crokinole,8.02
51,Heat: Pedal to the Metal,8.09
52,Sleeping Gods,8.26
53,Kanban EV,8.44
54,Pandemic Legacy: Season 0,8.42
55,Pandemic Legacy: Season 2,8.04
101,Raiders of the North Sea,7.74
56,Mansions of Madness: Second Edition,7.96
57,Lisboa,8.19
102,Caylus,7.72
58,Maracaibo,8.05
59,Tzolk'in: The Mayan Calendar,7.86
103,Tigris & Euphrates,7.71
104,Dominion: Intrigue,7.69
60,Power Grid,7.82
61,The Quacks of Quedlinburg,7.83
105,Lorenzo il Magnifico,7.85
106,Troyes,7.72
62,Clans of Caledonia,7.95
63,Le Havre,7.85
107,Mombasa,7.85
108,Eldritch Horror,7.76
64,Paladins of the West Kingdom,7.99
65,Star Wars: Imperial Assault,7.97
109,The Lord of the Rings: Journeys in Middle-Earth,7.93
110,Concordia Venus,8.29
66,The Crew: The Quest for Planet Nine,7.83
67,The Gallerist,8.03
111,Twilight Imperium: Third Edition,7.80
112,Russian Railroads,7.74
68,Grand Austria Hotel,7.93
113,Patchwork,7.60
114,Carnegie,8.04
69,Cthulhu: Death May Die,8.17
70,Mechs vs. Minions,7.98
115,Trajan,7.75
116,Rising Sun,7.78
71,Android: Netrunner,7.88
72,Kingdom Death: Monster,8.50
117,Dominion,7.60
73,Obsession,8.16
74,Azul,7.76
118,Dwellings of Eldervale,8.19
119,Aeon's End: War Eternal,8.28
75,Agricola (Revised Edition),7.96
76,Race for the Galaxy,7.75
120,Age of Steam,7.84
121,The Quest for El Dorado,7.67
77,Eclipse: New Dawn for the Galaxy,7.84
78,Five Tribes,7.78
122,Vinhos: Deluxe Edition,8.10
123,Clank! In! Space!: A Deck-Building Adventure,7.79
79,Aeon's End,7.92
80,Clank!: A Deck-Building Adventure,7.78
124,Hansa Teutonica,7.73
125,Pandemic: Iberia,7.89
81,Fields of Arle,8.04
126,The Isle of Cats,7.72
127,Codenames,7.55
128,Yokohama,7.82
82,Teotihuacan: City of Gods,7.87
83,Through the Ages: A Story of Civilization,7.85
129,Forbidden Stars,7.98
84,Beyond the Sun,7.95
130,Champions of Midgard,7.73
301,Telestrations,7.39
85,Lords of Waterdeep,7.73
131,PARKS,7.68
132,Roll for the Galaxy,7.60
302,Bitoku,7.86
303,Age of Empires III: The Age of Discovery,7.51
86,Dominant Species,7.82
87,The Voyages of Marco Polo,7.79
133,Cartographers,7.62
134,Pandemic,7.54
304,Onitama,7.36
305,Space Alert,7.40
88,Robinson Crusoe: Adventures on the Cursed Island,7.75
89,7 Wonders,7.69
135,SCOUT,7.80
136,Res Arcana,7.66
306,Oath: Chronicles of Empire & Exile,7.81
90,The Search for Planet X,7.98
91,El Grande,7.74
137,Targi,7.62
138,Just One,7.60
307,Nemo's War (Second Edition),7.85
308,Mind MGMT: The Psychic Espionage “Game.”,7.98
92,Tainted Grail: The Fall of Avalon,8.11
93,Architects of the West Kingdom,7.74
139,Watergate,7.79
309,Imperial Settlers,7.33
310,Fury of Dracula (Third/Fourth Edition),7.44
140,Ra,7.59
141,Alchemists,7.65
311,Kemet: Blood and Sand,8.00
312,Glass Road,7.45
94,Battlestar Galactica: The Board Game,7.73
95,The 7th Continent,7.84
142,Rajas of the Ganges,7.73
143,Star Realms,7.56
313,The King's Dilemma,7.79
314,Star Wars: The Deckbuilding Game,7.94
96,Decrypto,7.77
144,It's a Wonderful World,7.69
145,Sherlock Holmes Consulting Detective: The Thames Murders & Other Cases,7.64
315,Aeon's End: The New Age,8.54
316,Summoner Wars: Master Set,7.49
97,Inis,7.83
98,Oathsworn: Into the Deepwood,9.08
146,Kemet,7.66
147,Praga Caput Regni,7.93
317,Imperial 2030,7.65
318,Arkham Horror (Third Edition),7.69
99,Keyflower,7.73
100,Trickerion: Legends of Illusion,7.97
148,Endeavor: Age of Sail,7.90
149,Hadrian's Wall,8.00
319,Runewars,7.61
320,Century: Spice Road,7.31
150,Stone Age,7.53
151,Ticket to Ride: Europe,7.53
321,Tikal,7.33
322,Heaven & Ale,7.55
152,Legendary Encounters: An Alien Deck Building Game,7.76
153,Splendor Duel,7.98
323,Survive: Escape from Atlantis!,7.32
324,Alien Frontiers,7.36
154,Hegemony: Lead Your Class to Victory,8.54
325,Long Shot: The Dice Game,7.67
326,Love Letter,7.23
401,Schotten Totten,7.35
155,Terraforming Mars: Ares Expedition,7.69
156,The Lord of the Rings: The Card Game,7.66
327,Bruges,7.42
328,Lost Cities,7.23
402,Saint Petersburg,7.27
157,Marco Polo II: In the Service of the Khan,7.98
158,Magic: The Gathering,7.57
329,For Sale,7.25
330,Destinies,7.76
403,Die Macher,7.60
404,John Company: Second Edition,8.34
159,Star Wars: X-Wing Miniatures Game,7.64
160,Tyrants of the Underdark,7.91
331,Tiny Epic Galaxies,7.34
332,The Great Zimbabwe,7.83
405,Downforce,7.31
406,Smartphone Inc.,7.59
161,Undaunted: Normandy,7.81
162,Istanbul,7.55
333,Tiletum,7.96
334,Acquire,7.34
407,The White Castle,7.99
408,Evolution: Climate,7.50
163,Viscounts of the West Kingdom,7.86
164,Glen More II: Chronicles,7.91
335,Exit: The Game – The Abandoned Cabin,7.43
409,Endeavor,7.38
410,Here I Stand,7.89
165,Xia: Legends of a Drift System,7.87
166,That's Pretty Clever!,7.58
336,Bunny Kingdom,7.43
337,Awkward Guests: The Walton Case,7.59
411,King of Tokyo,7.14
412,Ticket to Ride: Märklin,7.41
167,Wingspan Asia,8.35
168,Welcome To...,7.54
338,Antiquity,7.86
339,Burgle Bros.,7.45
413,In the Year of the Dragon,7.30
414,Bruxelles 1893,7.61
169,Final Girl,8.35
170,Nemesis: Lockdown,8.38
171,Revive,8.17
340,Dead of Winter: The Long Night,7.54
341,The King Is Dead: Second Edition,7.66
415,Arkham Horror,7.24
416,London (Second Edition),7.52
172,War Chest,7.86
173,Jaipur,7.49
342,Above and Below,7.37
417,Tiny Towns,7.24
174,Radlands,7.89
175,Chaos in the Old World,7.66
343,Small World,7.21
344,Arboretum,7.30
418,Unmatched: Robin Hood vs. Bigfoot,7.94
419,San Juan (Second Edition),7.46
176,Dominion (Second Edition),7.85
177,War of the Ring,7.77
345,Skull King,7.52
346,Bonfire,7.68
420,Azul: Stained Glass of Sintra,7.32
421,Dice Forge,7.23
178,This War of Mine: The Board Game,7.78
179,Descent: Journeys in the Dark (Second Edition),7.62
347,Nusfjord,7.64
348,Merchants & Marauders,7.40
422,Civilization,7.50
423,Codenames: Pictures,7.20
180,Unmatched: Cobble & Fog,8.01
349,Chinatown,7.43
350,Neuroshima Hex! 3.0,7.39
424,Blitzkrieg!: World War Two in 20 Minutes,7.61
425,Skull,7.19
501,Fantastic Factories,7.45
181,Azul: Summer Pavilion,7.65
182,Memoir '44,7.54
183,Clank!: Catacombs,8.32
351,BattleLore: Second Edition,7.68
352,Lords of Hellas,7.68
426,Sherlock Holmes Consulting Detective: Jack the Ripper & West End Adventures,7.61
427,Firefly: The Game,7.39
502,Sheriff of Nottingham,7.08
503,Deus,7.28
184,Too Many Bones: Undertow,8.69
185,Cosmic Encounter,7.53
353,Dungeon Lords,7.36
354,Tekhenu: Obelisk of the Sun,7.73
428,Sprawlopolis,7.35
429,Spartacus: A Game of Blood and Treachery,7.47
504,Lords of Vegas,7.35
505,Shadows of Brimstone: City of the Ancients,7.97
186,Horrified,7.66
187,Darwin's Journey,8.20
355,Mission: Red Planet (Second Edition),7.41
356,Sid Meier's Civilization: The Board Game,7.38
430,Space Hulk (Third Edition),7.53
506,Junk Art,7.38
507,Shadows over Camelot,7.10
188,Railways of the World,7.67
357,Bärenpark,7.30
358,So Clover!,7.59
431,Sword & Sorcery,7.91
432,Santa Maria,7.48
508,Black Rose Wars,7.98
509,Forbidden Desert,7.08
189,Sekigahara: The Unification of Japan,8.01
190,Castles of Mad King Ludwig,7.52
359,Letters from Whitechapel,7.35
360,Dixit,7.21
433,Nippon,7.64
434,Clash of Cultures,7.58
510,Descent: Journeys in the Dark,7.28
511,Hanabi,7.05
191,Sagrada,7.48
192,The Resistance: Avalon,7.52
361,Imperium: Classics,7.71
362,Cloudspire,8.19
435,ISS Vanguard,8.68
436,Mythic Battles: Pantheon,8.34
512,Blood Bowl (Third Edition),7.55
513,Mansions of Madness,7.26
193,Dune,7.96
194,The Red Cathedral,7.73
363,Innovation,7.30
364,Harry Potter: Hogwarts Battle,7.38
437,Cubitos,7.44
514,Oceans,7.47
515,Distilled,7.92
195,Ora et Labora,7.69
365,Gizmos,7.39
438,Biblios,7.20
516,Great Western Trail: New Zealand,8.70
196,A Game of Thrones: The Board Game (Second Edition),7.54
366,Mysterium,7.23
439,Mindbug: First Contact,7.74
440,King of Tokyo: Dark Edition,7.69
517,Imperial Struggle,8.26
518,Friday,7.12
197,Ticket to Ride: Nordic Countries,7.63
367,Takenoko,7.22
368,Star Wars: Armada,7.82
441,Stockpile,7.47
442,Macao,7.41
519,Blood Bowl: Living Rulebook,7.84
520,Canvas,7.27
601,Pax Porfiriana,7.66
198,Star Wars: Outer Rim,7.73
199,Earth,7.73
369,Hannibal: Rome vs. Carthage,7.78
370,Raiders of Scythia,7.78
443,Chess,7.20
444,Fresco,7.25
521,Bohnanza,7.05
522,Potion Explosion,7.13
602,Pathfinder Adventure Card Game: Rise of the Runelords – Base Set,7.18
200,Meadow,7.77
371,Ghost Stories,7.27
372,Ginkgopolis,7.51
445,Wavelength,7.29
523,Betrayal Legacy,7.68
524,1775: Rebellion,7.64
603,Colosseum,7.21
604,Pax Renaissance: 2nd Edition,8.52
373,Agricola: All Creatures Big and Small,7.34
446,Advanced Squad Leader,8.01
447,Marvel United: X-Men,8.09
525,Undaunted: North Africa,7.84
526,Frostpunk: The Board Game,8.30
605,DVONN,7.45
606,Nexus Ops,7.21
374,Love Letter,7.52
375,The Resistance,7.22
448,Claustrophobia,7.48
449,Dune,7.59
450,Wayfarers of the South Tigris,7.85
527,"Labyrinth: The War on Terror, 2001 – ?",7.58
528,Akropolis,7.51
607,Broom Service,7.17
376,51st State: Master Set,7.60
377,Altiplano,7.47
451,Thunderstone Quest,7.78
452,Mice and Mystics,7.24
529,Raptor,7.25
530,Imhotep,7.15
608,Unfathomable,7.55
609,Carcassonne: Hunters and Gatherers,7.13
378,Furnace,7.42
379,Flamecraft,7.47
453,The Manhattan Project,7.33
454,Flash Point: Fire Rescue,7.16
531,1846: The Race for the Midwest,7.93
532,Railroad Ink: Deep Blue Edition,7.19
610,Sea Salt & Paper,7.44
611,Paperback,7.13
380,San Juan,7.23
381,Mage Wars Arena,7.59
455,Millennium Blades,7.67
456,Boonlake,7.68
533,Woodcraft,7.70
534,Argent: The Consortium,7.64
612,AquaSphere,7.26
613,Draftosaurus,7.11
382,Blood Bowl: Team Manager – The Card Game,7.39
383,Newton,7.56
457,Kingsburg,7.18
458,Imperial Settlers: Empires of the North,7.45
535,CATAN,7.10
614,The Colonists,7.55
615,The Lord of the Rings: The Card Game – Revised Core Set,8.48
384,Age of Innovation,8.85
385,Carpe Diem,7.52
459,Dead Reckoning,8.22
460,Honey Buzz,7.60
536,Freedom: The Underground Railroad,7.58
537,Blackout: Hong Kong,7.44
616,Tobago,7.10
386,Abyss,7.33
387,Notre Dame,7.32
461,Pandemic: Reign of Cthulhu,7.37
462,Glen More,7.30
538,Thurn and Taxis,7.09
539,Port Royal,7.12
617,Star Trek: Ascendancy,7.82
618,Dice Throne: Season One,7.52
388,Turing Machine,7.78
389,The Pillars of the Earth,7.27
463,Pipeline,7.62
540,MicroMacro: Crime City – Full House,7.71
541,High Society,7.15
619,Triumph & Tragedy: European Balance of Power 1936-1945,8.15
620,Expeditions,7.76
390,Gùgōng,7.45
391,Project L,7.49
464,Heroscape Master Set: Rise of the Valkyrie,7.45
465,Lord of the Rings: The Confrontation,7.48
542,Caper: Europe,7.75
543,Small World Underground,7.24
621,Unlock!: Heroic Adventures,7.64
622,Cooper Island,7.60
701,The Oracle of Delphi,7.30
392,At the Gates of Loyang,7.36
393,Twice as Clever!,7.45
466,Lancaster,7.40
467,Black Orchestra,7.51
544,Star Wars: X-Wing (Second Edition),8.06
545,Escape Plan,7.52
623,Aeon Trespass: Odyssey,9.11
624,Silver & Gold,7.21
702,Trekking Through History,7.70
703,Trails of Tucana,7.40
394,Pandemic: Fall of Rome,7.63
395,Voidfall,8.66
468,Mandala,7.54
469,PitchCar,7.26
546,Imperium: Legends,7.85
547,Ingenious,7.10
625,Automobile,7.33
626,Coup,6.98
704,Disney Villainous: Evil Comes Prepared,7.56
705,Cuba,7.13
396,Summoner Wars (Second Edition),8.17
397,Sidereal Confluence,7.78
470,A Few Acres of Snow,7.37
471,IKI,7.67
548,Alhambra,7.03
549,First Class: All Aboard the Orient Express!,7.42
627,Dinosaur Island: Rawr 'n Write,7.75
628,Struggle of Empires,7.53
706,Civilization: A New Dawn,7.26
398,Cat in the Box: Deluxe Edition,7.63
399,Maria,7.98
472,Quadropolis,7.23
550,TZAAR,7.66
551,The Grizzled,7.14
629,Evolution,7.06
630,Nucleum,8.24
631,Crusaders: Thy Will Be Done,7.48
707,Torres,7.09
708,Feudum,7.61
709,Escape: The Curse of the Temple,6.96
400,The Godfather: Corleone's Empire,7.53
473,Point Salad,7.17
474,Cartographers Heroes,7.79
475,Commands & Colors: Napoleonics,8.03
552,London,7.33
553,Fleet: The Dice Game,7.67
632,Francis Drake,7.38
710,Merv: The Heart of the Silk Road,7.53
711,The Magnificent,7.53
476,The Witcher: Old World,8.08
477,Descent: Legends of the Dark,7.96
554,Archipelago,7.29
555,Time's Up! Title Recall!,7.69
633,Splendor: Marvel,7.59
634,Regicide,7.47
712,Earth Reborn,7.62
478,Mystic Vale,7.26
479,Middara: Unintentional Malum – Act 1,8.63
556,The Fox in the Forest,7.12
557,Love Letter: Premium Edition,7.45
635,The Battle of Five Armies,7.88
636,Star Wars: Destiny,7.45
713,Churchill,7.67
714,Luna,7.30
715,Dixit: Journey,7.40
480,Pan Am,7.55
558,Libertalia,7.12
559,Legends of Andor,7.12
637,Carson City,7.22
638,Hammer of the Scots,7.53
639,Cuba Libre,7.68
716,Treasure Island,7.24
717,Mexica,7.25
481,Amerigo,7.45
482,Stuffed Fables,7.46
560,Libertalia: Winds of Galecrest,7.49
640,Conan,7.64
641,A Game of Thrones,7.18
718,Shadows of Brimstone: Swamps of Death,8.04
719,"Unmatched: Battle of Legends, Volume Two",8.32
483,Fire in the Lake,8.06
484,Hadara,7.41
561,The LOOP,7.76
562,Madeira,7.55
563,Wabash Cannonball,7.25
642,Gears of War: The Board Game,7.47
643,Take 5,6.96
644,Zombicide,7.11
720,AuZtralia,7.36
721,Yamataï,7.19
485,Colt Express,7.09
564,Airlines Europe,7.30
565,Sushi Go!,7.01
645,Whitehall Mystery,7.56
646,Thebes,7.13
722,Sub Terra,7.39
723,D-Day at Omaha Beach,8.29
801,Warhammer: Invasion,7.24
486,"Air, Land, & Sea",7.46
487,Citadels,7.26
566,Euphoria: Build a Better Dystopia,7.19
567,RoboRally,7.06
647,Galaxy Trucker (Second Edition),7.51
648,Quantum,7.24
724,Myrmes,7.26
725,Ascension: Deckbuilding Game,7.03
802,Caverna: Cave vs Cave,7.11
803,Kanagawa,7.04
488,Pandemic: The Cure,7.25
489,BattleLore,7.35
490,Amun-Re,7.29
568,Discworld: Ankh-Morpork,7.25
569,Elysium,7.20
649,Shards of Infinity,7.48
726,Exit: The Game – The Pharaoh's Tomb,7.16
727,Whistle Mountain,7.62
804,Babylonia,7.68
491,The Guild of Merchant Explorers,7.74
492,No Thanks!,7.08
570,Nova Luna,7.30
571,Camel Up,7.04
650,HeroQuest,7.19
651,Coloretto,6.98
728,Smash Up: Awesome Level 9000,7.22
729,Bloodborne: The Board Game,7.81
805,Deep Sea Adventure,6.92
806,Saint Petersburg (Second Edition),7.47
493,Dawn of the Zeds (Third Edition),8.16
572,Vikings,7.25
573,Valeria: Card Kingdoms,7.45
574,One Night Ultimate Werewolf,7.07
652,Blood Bowl (2016 Edition),7.98
653,Zombicide: Green Horde,7.70
730,Tokaido,6.94
731,Prêt-à-Porter,7.33
807,Ex Libris,7.14
808,Empires: Age of Discovery,7.84
494,Charterstone,7.23
495,Risk Legacy,7.37
575,Runebound (Third Edition),7.47
576,Last Will,7.17
654,Photosynthesis,6.99
655,Bus,7.61
732,Arkwright,7.80
733,Tash-Kalar: Arena of Legends,7.16
809,Verdant,7.40
810,Blokus,6.86
496,Exit: The Game – Dead Man on the Orient Express,7.57
497,Citadels,7.06
577,Zombicide: 2nd Edition,8.01
578,Sentinels of the Multiverse,7.15
656,Mare Nostrum: Empires,7.53
657,A Game of Thrones: The Card Game (Second Edition),7.50
734,Leaving Earth,7.74
735,Defenders of the Realm,7.28
811,7 Wonders: Architects,7.04
812,World Without End,7.24
813,Space Hulk,7.48
498,Foundations of Rome,8.02
499,The Great Wall,7.89
579,Las Vegas,7.16
580,QE,7.40
658,Star Wars: X-Wing Miniatures Game – The Force Awakens Core Set,7.74
659,Ready Set Bet,7.63
736,Fury of Dracula (Second Edition),7.10
737,Wir sind das Volk!,7.79
814,Dominant Species: Marine,7.97
815,The Pursuit of Happiness,7.18
500,Zombie Kidz Evolution,7.64
581,Space Empires 4X,7.70
660,Betrayal at House on the Hill,7.03
738,Unmatched: Jurassic Park – InGen vs Raptors,8.14
739,Century: A New World,7.34
816,Cry Havoc,7.13
817,Crown of Emara,7.40
582,Karuba,7.17
661,Medici,7.16
662,Formula D,7.00
663,Creature Comforts,7.51
740,Love Letter: Batman,7.27
741,Trismegistus: The Ultimate Formula,7.60
818,Super Motherload,7.35
819,Finca,7.07
583,Etherfields,7.98
584,Roads & Boats,7.71
664,Time's Up!,7.29
742,Onirim (Second Edition),7.05
743,Carcassonne: The Castle,7.10
820,Perudo,6.91
821,Paris: La Cité de la Lumière,7.32
822,Witchstone,7.59
585,Aquatica,7.38
586,Jamaica,7.06
665,Taluva,7.15
666,Pax Renaissance,8.01
744,ZhanGuo,7.56
745,Space Hulk: Death Angel – The Card Game,7.00
746,Oh My Goods!,7.00
823,Up Front,7.88
824,878 Vikings: Invasions of England,7.50
901,Mille Fiori,7.44
587,In the Hall of the Mountain King,7.62
588,Sky Team,8.18
589,Arkham Horror: The Card Game (Revised Edition),8.70
667,Project: ELITE,8.02
747,Ashes Reborn: Rise of the Phoenixborn,7.29
748,Unlock!: Timeless Adventures,7.79
825,Railroad Ink: Blazing Red Edition,7.10
826,Maquis,7.45
902,Conflict of Heroes: Awakening the Bear! – Russia 1941-42,7.51
590,StarCraft: The Board Game,7.35
591,Atlantis Rising (Second Edition),7.57
668,The Downfall of Pompeii,7.15
669,Lacrimosa,7.74
670,Magic Maze,6.97
749,Mosaic: A Story of Civilization,7.61
750,Specter Ops,7.18
827,Ricochet Robots,7.03
903,Rhino Hero,6.92
904,Spyrium,7.04
592,Tales of the Arabian Nights,7.17
593,Taj Mahal,7.27
671,Marrakesh,8.19
672,Warp's Edge,7.74
751,Dragon Castle,7.13
752,Living Forest,7.29
828,Exit: The Game – The Secret Lab,7.07
829,Dice Hospital,7.14
905,Forbidden Island,6.76
906,Lovecraft Letter,7.22
594,Egizia,7.39
595,BattleCON: Devastation of Indines,7.83
673,Snowdonia,7.34
674,Weather Machine,7.85
753,Feed the Kraken,7.90
754,City of the Big Shoulders,7.77
830,Panamax,7.31
831,Arcadia Quest: Inferno,7.89
832,Zombicide Season 2: Prison Outbreak,7.36
907,Hyperborea,7.17
908,Container,7.16
596,Unmatched: Little Red Riding Hood vs. Beowulf,8.17
597,Queendomino,7.17
675,One Night Ultimate Werewolf: Daybreak,7.31
676,Dorfromantik: The Board Game,7.68
755,Bullet♥︎,7.65
756,Steampunk Rally,7.17
833,Vast: The Crystal Caverns,7.12
834,"Heroes of Land, Air & Sea",7.60
909,Napoleon's Triumph,7.99
910,Unlock!: Epic Adventures,7.75
598,Through the Desert,7.09
599,Vinhos,7.47
600,Baseball Highlights: 2045,7.52
677,Trains,7.13
678,The Republic of Rome,7.53
757,The Estates,7.42
758,Railroad Ink Challenge: Lush Green Edition,7.67
835,Black Angel,7.25
836,The Duke,7.33
911,Summoner Wars: Alliances Master Set,8.06
912,Carcassonne: The City,7.21
913,Werewords,7.14
679,Cacao,7.08
680,Lord of the Rings: The Confrontation,7.21
681,Detective: City of Angels,7.91
759,Skymines,8.11
760,The Bloody Inn,7.06
837,Keep the Heroes Out!,8.02
838,Unfair,7.33
914,Ohanami,7.31
915,Roam,7.31
682,My Father's Work,7.92
683,Disney Villainous: Wicked to the Core,7.55
761,BANG! The Dice Game,6.90
762,My Little Scythe,7.25
839,Cerebria: The Inside World,7.77
840,Star Wars: The Clone Wars,7.64
916,Zombicide: Invader,7.81
917,Qwixx,6.86
684,Azul: Queen's Garden,7.51
685,Between Two Castles of Mad King Ludwig,7.25
763,The Networks,7.16
764,Warhammer Quest: The Adventure Card Game,7.32
841,Squad Leader,7.55
842,FUSE,7.01
843,King of New York,6.89
918,Coffee Roaster,7.36
919,Dinosaur World,7.39
686,Kingdom Builder,6.94
687,Fort,7.13
765,Villagers,7.16
766,Diplomacy,7.04
844,Tang Garden,7.38
845,1989: Dawn of Freedom,7.78
920,Mahjong,7.05
921,Spyfall,6.79
922,Thunderstone,6.91
688,KeyForge: Call of the Archons,7.12
689,A Fake Artist Goes to New York,7.15
767,Vegas Showdown,7.16
768,The Adventures of Robin Hood,7.52
769,K2,7.02
846,Raccoon Tycoon,7.29
847,Incan Gold,6.83
923,Roll Through the Ages: The Bronze Age,6.85
690,Shakespeare,7.42
691,Mr. Jack,6.98
692,Telestrations: 12 Player Party Pack,7.74
770,Brian Boru: High King of Ireland,7.53
771,Century: Eastern Wonders,7.13
848,Wizard,6.96
849,Disney Villainous: Perfectly Wretched,7.65
924,Marvel Dice Masters: Avengers vs. X-Men,7.10
925,Tajemnicze Domostwo,7.11
693,Summoner Wars,7.23
772,Three Sisters,7.61
850,Dungeons & Dragons: The Legend of Drizzt Board Game,7.21
851,Merchants Cove,7.51
926,The Mind,6.77
927,Ca$h 'n Guns: Second Edition,6.83
694,Elder Sign,6.97
695,Belfort,7.22
773,Ticket to Ride: Rails & Sails,7.43
774,Thunderstone Advance: Towers of Ruin,7.33
852,Blue Lagoon,7.20
853,Gentes,7.40
928,The Palaces of Carrara,7.14
929,Catacombs (Third Edition),7.48
696,Chronicles of Crime: 1400,7.76
697,Golem,7.60
698,Cribbage,7.09
775,Wits & Wagers,6.93
776,The Shipwreck Arcana,7.47
854,Tumblin' Dice,7.23
855,Khôra: Rise of an Empire,7.44
930,Union Pacific,7.19
931,Brazil: Imperial,7.65
699,Yellow & Yangtze,7.84
700,Massive Darkness 2: Hellscape,8.08
777,Crystal Palace,7.53
778,Empire of the Sun,8.27
856,Red7,6.87
857,Dale of Merchants,7.18
932,Akrotiri,7.18
933,San Marco,7.17
779,Can't Stop,6.90
780,Coal Baron,7.29
858,Detective Club,7.37
934,Pictomania,7.27
935,Last Night on Earth: The Zombie Game,6.91
781,Advanced Squad Leader: Starter Kit #1,7.84
782,Next Station: London,7.47
859,Among the Stars,7.03
860,Outlive,7.30
936,Tinners' Trail,7.22
937,Top Ten,7.51
783,Yspahan,7.07
784,Between Two Cities,6.99
861,Santiago,7.15
862,Fugitive,7.16
938,Beer & Bread,7.50
939,Formula Dé,6.99
785,New York Zoo,7.11
786,Wallenstein,7.46
787,CO₂: Second Chance,7.54
863,Circadians: First Light,7.58
864,Jambo,6.99
940,Luxor,7.19
941,Shikoku 1889,7.98
788,Middle-Earth Quest,7.39
789,Twilight Inscription,7.53
865,Hannibal & Hamilcar,8.31
866,Not Alone,6.97
942,Nightmare Productions,7.06
943,Red Rising,7.03
790,Menara,7.45
791,Disney Villainous,6.97
867,Tammany Hall,7.28
868,Celestia,6.94
944,Kitchen Rush,7.26
945,Unsettled,8.08
792,Eminent Domain,6.99
793,Shipyard,7.35
869,War of the Ring: The Card Game,7.80
870,High Frontier 4 All,8.43
946,Black Sonata,7.47
947,Caesar!: Seize Rome in 20 Minutes!,7.61
794,Blue Moon City,7.04
795,Reef,7.02
871,Lords of Xidit,7.09
872,Pandemic: Rising Tide,7.57
948,Signorie,7.38
949,Brew Crafters,7.39
796,Rhino Hero: Super Battle,7.25
797,New Frontiers,7.42
873,SpaceCorp: 2025-2300AD,7.67
874,A War of Whispers,7.33
950,Horizons of Spirit Island,8.32
951,Palm Island,7.09
798,First Rat,7.63
799,Dogs of War,7.52
875,Letter Jam,7.20
876,Unmatched Game System,8.26
952,Caylus 1303,7.46
953,Genoa,7.05
800,Messina 1347,7.61
877,Tribune: Primus Inter Pares,7.21
878,One Deck Dungeon,6.97
954,Tak,7.59
955,Call to Adventure,7.10
879,XCOM: The Board Game,7.00
880,Star Trek: Fleet Captains,7.48
881,ZÈRTZ,7.27
956,Tragedy Looper,7.19
957,Istanbul: The Dice Game,7.15
882,Tiny Epic Dungeons,7.55
958,Maharaja: The Game of Palace Building in India,7.11
959,Moonrakers,7.75
883,Reef Encounter,7.14
884,Yedo,7.36
960,Virgin Queen,8.01
961,Jaws,7.11
885,Combat Commander: Pacific,8.11
886,Vasco da Gama,7.21
962,Lanterns: The Harvest Festival,6.87
963,Bridge,7.46
887,Morels,6.99
888,Last Bastion,7.49
964,Homesteaders,7.20
965,Tidal Blades: Heroes of the Reef,7.54
889,Clinic: Deluxe Edition,7.64
966,The Others,7.33
890,Scoville,7.13
967,Kingsburg (Second Edition),7.42
891,"13 Days: The Cuban Missile Crisis, 1962",7.23
892,Rurik: Dawn of Kiev,7.76
968,Warhammer Underworlds: Shadespire,7.64
969,Thunder Alley,7.30
893,Star Wars: The Card Game,7.17
894,Washington's War,7.61
970,Forest Shuffle,7.54
895,The Lost Expedition,7.06
896,Parade,7.00
971,Summoner Wars: Phoenix Elves vs Tundra Orcs,7.51
972,Conflict of Heroes: Awakening the Bear! – Operation Barbarossa 1941 (Second Edition),7.93
897,Friedrich,7.56
898,Battle for Rokugan,7.41
973,Dungeons & Dragons: Castle Ravenloft Board Game,6.98
974,Adrenaline,7.00
899,Abomination: The Heir of Frankenstein,7.46
900,Clever Cubed,7.51
975,Roll Player Adventures,8.20
976,Condottiere,6.88
977,DinoGenics,7.63
978,Orchard: A 9 card solitaire game,7.36
979,Legendary: A Marvel Deck Building Game – Villains,7.54
980,Attika,6.99
981,Lowlands,7.40
982,Qwirkle,6.77
983,Louis XIV,7.05
984,Smash Up: Science Fiction Double Feature,7.26
985,Tiny Epic Quest,6.98
986,Snow Tails,6.97
987,Legacy of Yu,8.26
988,Zooloretto,6.80
989,Core Worlds,7.15
990,Web of Power,7.30
991,Wasteland Express Delivery Service,7.33
992,Dungeons & Dragons: Wrath of Ashardalon Board Game,7.10
993,Meeple Circus,7.04
994,Imperial Steam,7.82
995,Santa Monica,7.19
996,Tiny Epic Dinosaurs,7.33
997,Heroscape Master Set: Swarm of the Marro,7.64
998,Concept,6.77
999,DC Deck-Building Game,7.03
1000,The Castles of Burgundy: The Card Game,6.96
